review,label
"Get yours now, offer ends soon! #10",fake
"Limited stock, order now to get discount! #81",fake
"Excellent product, totally worth the price. #34",genuine
"Limited stock, order now to get discount! #11",fake
"Superb quality, will recommend to others. #94",genuine
"Very satisfied, I use it every day. #85",genuine
"Amazing offer, hurry up before it ends! #130",fake
"Perfect, exceeded my expectations. #95",genuine
"Unbelievable price, must buy immediately! #67",fake
Item arrived on time and exactly as described. #127,genuine
"Perfect, exceeded my expectations. #10",genuine
"Best item in the world, only available here! #162",fake
Highly recommended for daily use. #57,genuine
Very useful and easy to use product. #73,genuine
Highly recommended for daily use. #133,genuine
This product is amazing and works perfectly! #43,genuine
"Guaranteed best deal, don’t miss out! #79",fake
"Buy this now, best product ever, click fast! #177",fake
"Amazing offer, hurry up before it ends! #32",fake
"Get yours now, offer ends soon! #186",fake
"Really happy with this purchase, good quality. #78",genuine
"Very satisfied, I use it every day. #16",genuine
"Super cheap offer, available only today! #192",fake
"Fastest selling product, act now! #72",fake
"Great value for money, I love it. #1",genuine
"Best item in the world, only available here! #197",fake
"Very satisfied, I use it every day. #115",genuine
"Buy 1 get 2 free, incredible savings! #26",fake
"Buy this now, best product ever, click fast! #63",fake
Very useful and easy to use product. #105,genuine
"Get yours now, offer ends soon! #196",fake
"Perfect, exceeded my expectations. #194",genuine
"Unbelievable price, must buy immediately! #62",fake
"Really happy with this purchase, good quality. #58",genuine
"Buy 1 get 2 free, incredible savings! #33",fake
"Superb quality, will recommend to others. #117",genuine
Very useful and easy to use product. #114,genuine
"Unbelievable price, must buy immediately! #143",fake
Item arrived on time and exactly as described. #159,genuine
"Perfect, exceeded my expectations. #142",genuine
"Limited stock, order now to get discount! #182",fake
"Perfect, exceeded my expectations. #56",genuine
"Very satisfied, I use it every day. #77",genuine
"Superb quality, will recommend to others. #26",genuine
"Very satisfied, I use it every day. #83",genuine
"Fastest selling product, act now! #183",fake
"Perfect, exceeded my expectations. #149",genuine
"Superb quality, will recommend to others. #182",genuine
"Very satisfied, I use it every day. #23",genuine
"Excellent product, totally worth the price. #174",genuine
"Excellent product, totally worth the price. #47",genuine
"Unbelievable price, must buy immediately! #122",fake
"Amazing offer, hurry up before it ends! #139",fake
Item arrived on time and exactly as described. #71,genuine
"Get yours now, offer ends soon! #175",fake
Highly recommended for daily use. #40,genuine
"Super cheap offer, available only today! #24",fake
"Very satisfied, I use it every day. #173",genuine
"Superb quality, will recommend to others. #31",genuine
"Excellent product, totally worth the price. #153",genuine
"Really happy with this purchase, good quality. #125",genuine
"Limited stock, order now to get discount! #95",fake
"Limited stock, order now to get discount! #56",fake
Very useful and easy to use product. #79,genuine
"Really happy with this purchase, good quality. #102",genuine
"Really happy with this purchase, good quality. #32",genuine
"Fastest selling product, act now! #153",fake
"Super cheap offer, available only today! #69",fake
"Fastest selling product, act now! #195",fake
This product is amazing and works perfectly! #74,genuine
"Amazing offer, hurry up before it ends! #121",fake
Very useful and easy to use product. #141,genuine
This product is amazing and works perfectly! #6,genuine
"Really happy with this purchase, good quality. #46",genuine
"Fastest selling product, act now! #189",fake
"Unbelievable price, must buy immediately! #47",fake
"Amazing offer, hurry up before it ends! #28",fake
"Get yours now, offer ends soon! #170",fake
Highly recommended for daily use. #177,genuine
"Limited stock, order now to get discount! #90",fake
"Great value for money, I love it. #4",genuine
Highly recommended for daily use. #19,genuine
"Best item in the world, only available here! #3",fake
"Guaranteed best deal, don’t miss out! #51",fake
"Buy 1 get 2 free, incredible savings! #75",fake
"Great value for money, I love it. #64",genuine
"Best item in the world, only available here! #49",fake
"Fastest selling product, act now! #102",fake
"Really happy with this purchase, good quality. #109",genuine
This product is amazing and works perfectly! #91,genuine
"Amazing offer, hurry up before it ends! #34",fake
"Guaranteed best deal, don’t miss out! #136",fake
Highly recommended for daily use. #119,genuine
"Super cheap offer, available only today! #21",fake
"Really happy with this purchase, good quality. #181",genuine
"Guaranteed best deal, don’t miss out! #115",fake
"Unbelievable price, must buy immediately! #174",fake
"Get yours now, offer ends soon! #181",fake
"Buy 1 get 2 free, incredible savings! #40",fake
"Superb quality, will recommend to others. #76",genuine
"Limited stock, order now to get discount! #48",fake
"Very satisfied, I use it every day. #111",genuine
Highly recommended for daily use. #17,genuine
"Really happy with this purchase, good quality. #67",genuine
"Great value for money, I love it. #154",genuine
"Excellent product, totally worth the price. #8",genuine
Very useful and easy to use product. #20,genuine
"Great value for money, I love it. #138",genuine
"Buy 1 get 2 free, incredible savings! #156",fake
"Fastest selling product, act now! #150",fake
This product is amazing and works perfectly! #132,genuine
"Fastest selling product, act now! #188",fake
"Unbelievable price, must buy immediately! #93",fake
"Fastest selling product, act now! #187",fake
"Best item in the world, only available here! #98",fake
Very useful and easy to use product. #61,genuine
"Really happy with this purchase, good quality. #80",genuine
"Amazing offer, hurry up before it ends! #86",fake
"Super cheap offer, available only today! #106",fake
"Super cheap offer, available only today! #82",fake
Item arrived on time and exactly as described. #158,genuine
"Really happy with this purchase, good quality. #110",genuine
"Great value for money, I love it. #18",genuine
"Unbelievable price, must buy immediately! #148",fake
"Perfect, exceeded my expectations. #25",genuine
This product is amazing and works perfectly! #176,genuine
"Limited stock, order now to get discount! #152",fake
"Super cheap offer, available only today! #133",fake
This product is amazing and works perfectly! #168,genuine
"Limited stock, order now to get discount! #46",fake
"Buy this now, best product ever, click fast! #112",fake
Highly recommended for daily use. #146,genuine
"Amazing offer, hurry up before it ends! #59",fake
Highly recommended for daily use. #178,genuine
"Perfect, exceeded my expectations. #120",genuine
"Excellent product, totally worth the price. #195",genuine
"Super cheap offer, available only today! #30",fake
"Buy this now, best product ever, click fast! #66",fake
"Super cheap offer, available only today! #19",fake
"Buy 1 get 2 free, incredible savings! #108",fake
"Very satisfied, I use it every day. #37",genuine
"Very satisfied, I use it every day. #140",genuine
"Unbelievable price, must buy immediately! #92",fake
Item arrived on time and exactly as described. #156,genuine
"Really happy with this purchase, good quality. #197",genuine
"Super cheap offer, available only today! #85",fake
"Excellent product, totally worth the price. #60",genuine
"Really happy with this purchase, good quality. #112",genuine
"Superb quality, will recommend to others. #166",genuine
"Get yours now, offer ends soon! #164",fake
Very useful and easy to use product. #7,genuine
"Unbelievable price, must buy immediately! #134",fake
"Amazing offer, hurry up before it ends! #76",fake
This product is amazing and works perfectly! #151,genuine
Very useful and easy to use product. #11,genuine
Very useful and easy to use product. #193,genuine
Very useful and easy to use product. #104,genuine
"Great value for money, I love it. #82",genuine
"Fastest selling product, act now! #117",fake
"Get yours now, offer ends soon! #199",fake
"Super cheap offer, available only today! #176",fake
"Best item in the world, only available here! #9",fake
"Guaranteed best deal, don’t miss out! #87",fake
"Excellent product, totally worth the price. #169",genuine
"Buy 1 get 2 free, incredible savings! #154",fake
Very useful and easy to use product. #90,genuine
"Fastest selling product, act now! #178",fake
"Really happy with this purchase, good quality. #164",genuine
This product is amazing and works perfectly! #148,genuine
"Limited stock, order now to get discount! #29",fake
Item arrived on time and exactly as described. #93,genuine
"Perfect, exceeded my expectations. #70",genuine
"Superb quality, will recommend to others. #124",genuine
Highly recommended for daily use. #97,genuine
This product is amazing and works perfectly! #144,genuine
"Buy 1 get 2 free, incredible savings! #127",fake
"Really happy with this purchase, good quality. #98",genuine
"Guaranteed best deal, don’t miss out! #39",fake
"Perfect, exceeded my expectations. #69",genuine
Item arrived on time and exactly as described. #24,genuine
Very useful and easy to use product. #38,genuine
"Very satisfied, I use it every day. #145",genuine
"Perfect, exceeded my expectations. #123",genuine
Item arrived on time and exactly as described. #183,genuine
Very useful and easy to use product. #68,genuine
Item arrived on time and exactly as described. #199,genuine
"Get yours now, offer ends soon! #125",fake
"Best item in the world, only available here! #20",fake
"Buy this now, best product ever, click fast! #118",fake
"Superb quality, will recommend to others. #196",genuine
"Superb quality, will recommend to others. #126",genuine
"Very satisfied, I use it every day. #147",genuine
"Buy this now, best product ever, click fast! #172",fake
"Great value for money, I love it. #87",genuine
"Best item in the world, only available here! #137",fake
"Get yours now, offer ends soon! #141",fake
"Fastest selling product, act now! #138",fake
"Amazing offer, hurry up before it ends! #155",fake
"Super cheap offer, available only today! #135",fake
"Limited stock, order now to get discount! #103",fake
"Perfect, exceeded my expectations. #184",genuine
"Unbelievable price, must buy immediately! #4",fake
"Amazing offer, hurry up before it ends! #84",fake
"Best item in the world, only available here! #12",fake
"Amazing offer, hurry up before it ends! #83",fake
Highly recommended for daily use. #130,genuine
"Very satisfied, I use it every day. #39",genuine
"Perfect, exceeded my expectations. #12",genuine
"Best item in the world, only available here! #126",fake
"Great value for money, I love it. #186",genuine
"Amazing offer, hurry up before it ends! #23",fake
"Really happy with this purchase, good quality. #113",genuine
Very useful and easy to use product. #180,genuine
"Fastest selling product, act now! #128",fake
"Amazing offer, hurry up before it ends! #100",fake
"Excellent product, totally worth the price. #118",genuine
"Buy 1 get 2 free, incredible savings! #169",fake
"Buy this now, best product ever, click fast! #78",fake
"Limited stock, order now to get discount! #185",fake
"Get yours now, offer ends soon! #88",fake
"Amazing offer, hurry up before it ends! #163",fake
"Very satisfied, I use it every day. #165",genuine
"Get yours now, offer ends soon! #54",fake
"Superb quality, will recommend to others. #137",genuine
Item arrived on time and exactly as described. #155,genuine
"Superb quality, will recommend to others. #200",genuine
Very useful and easy to use product. #198,genuine
"Guaranteed best deal, don’t miss out! #193",fake
"Really happy with this purchase, good quality. #3",genuine
"Limited stock, order now to get discount! #5",fake
"Very satisfied, I use it every day. #116",genuine
"Best item in the world, only available here! #35",fake
"Unbelievable price, must buy immediately! #38",fake
This product is amazing and works perfectly! #27,genuine
Very useful and easy to use product. #121,genuine
"Limited stock, order now to get discount! #158",fake
"Buy 1 get 2 free, incredible savings! #25",fake
"Buy this now, best product ever, click fast! #161",fake
"Unbelievable price, must buy immediately! #179",fake
"Buy this now, best product ever, click fast! #151",fake
"Buy this now, best product ever, click fast! #180",fake
Item arrived on time and exactly as described. #128,genuine
"Really happy with this purchase, good quality. #75",genuine
"Amazing offer, hurry up before it ends! #123",fake
This product is amazing and works perfectly! #30,genuine
"Very satisfied, I use it every day. #84",genuine
"Best item in the world, only available here! #190",fake
Highly recommended for daily use. #108,genuine
"Buy 1 get 2 free, incredible savings! #50",fake
"Limited stock, order now to get discount! #97",fake
"Great value for money, I love it. #134",genuine
"Limited stock, order now to get discount! #45",fake
Item arrived on time and exactly as described. #185,genuine
"Super cheap offer, available only today! #91",fake
"Very satisfied, I use it every day. #45",genuine
"Best item in the world, only available here! #168",fake
"Very satisfied, I use it every day. #66",genuine
"Superb quality, will recommend to others. #86",genuine
"Guaranteed best deal, don’t miss out! #43",fake
"Really happy with this purchase, good quality. #187",genuine
"Great value for money, I love it. #160",genuine
"Superb quality, will recommend to others. #13",genuine
"Great value for money, I love it. #36",genuine
"Perfect, exceeded my expectations. #29",genuine
"Perfect, exceeded my expectations. #171",genuine
Item arrived on time and exactly as described. #143,genuine
"Buy this now, best product ever, click fast! #119",fake
"Super cheap offer, available only today! #73",fake
"Unbelievable price, must buy immediately! #22",fake
"Superb quality, will recommend to others. #96",genuine
"Very satisfied, I use it every day. #52",genuine
"Fastest selling product, act now! #41",fake
"Guaranteed best deal, don’t miss out! #99",fake
"Get yours now, offer ends soon! #105",fake
"Perfect, exceeded my expectations. #179",genuine
"Really happy with this purchase, good quality. #42",genuine
"Limited stock, order now to get discount! #111",fake
"Limited stock, order now to get discount! #7",fake
"Limited stock, order now to get discount! #55",fake
"Unbelievable price, must buy immediately! #132",fake
"Perfect, exceeded my expectations. #5",genuine
"Fastest selling product, act now! #57",fake
"Limited stock, order now to get discount! #159",fake
"Very satisfied, I use it every day. #101",genuine
"Unbelievable price, must buy immediately! #27",fake
"Best item in the world, only available here! #142",fake
"Unbelievable price, must buy immediately! #14",fake
Item arrived on time and exactly as described. #172,genuine
"Really happy with this purchase, good quality. #99",genuine
"Buy 1 get 2 free, incredible savings! #16",fake
"Very satisfied, I use it every day. #62",genuine
Item arrived on time and exactly as described. #48,genuine
"Perfect, exceeded my expectations. #33",genuine
"Best item in the world, only available here! #68",fake
"Amazing offer, hurry up before it ends! #1",fake
"Unbelievable price, must buy immediately! #157",fake
"Superb quality, will recommend to others. #28",genuine
"Get yours now, offer ends soon! #113",fake
"Buy this now, best product ever, click fast! #31",fake
"Best item in the world, only available here! #61",fake
"Buy 1 get 2 free, incredible savings! #89",fake
"Superb quality, will recommend to others. #163",genuine
"Amazing offer, hurry up before it ends! #171",fake
"Excellent product, totally worth the price. #139",genuine
"Excellent product, totally worth the price. #63",genuine
"Really happy with this purchase, good quality. #136",genuine
"Very satisfied, I use it every day. #129",genuine
This product is amazing and works perfectly! #9,genuine
"Perfect, exceeded my expectations. #65",genuine
"Fastest selling product, act now! #101",fake
This product is amazing and works perfectly! #15,genuine
Very useful and easy to use product. #157,genuine
This product is amazing and works perfectly! #41,genuine
"Buy this now, best product ever, click fast! #167",fake
"Buy 1 get 2 free, incredible savings! #124",fake
"Best item in the world, only available here! #17",fake
"Fastest selling product, act now! #80",fake
"Super cheap offer, available only today! #147",fake
"Guaranteed best deal, don’t miss out! #37",fake
"Buy 1 get 2 free, incredible savings! #8",fake
"Fastest selling product, act now! #13",fake
"Get yours now, offer ends soon! #96",fake
"Buy this now, best product ever, click fast! #165",fake
"Best item in the world, only available here! #52",fake
"Buy 1 get 2 free, incredible savings! #191",fake
"Limited stock, order now to get discount! #166",fake
"Guaranteed best deal, don’t miss out! #104",fake
"Best item in the world, only available here! #70",fake
"Amazing offer, hurry up before it ends! #2",fake
"Really happy with this purchase, good quality. #162",genuine
This product is amazing and works perfectly! #44,genuine
"Buy this now, best product ever, click fast! #18",fake
Highly recommended for daily use. #191,genuine
"Buy 1 get 2 free, incredible savings! #110",fake
"Unbelievable price, must buy immediately! #60",fake
Item arrived on time and exactly as described. #106,genuine
Very useful and easy to use product. #54,genuine
"Excellent product, totally worth the price. #2",genuine
"Very satisfied, I use it every day. #50",genuine
Highly recommended for daily use. #81,genuine
"Get yours now, offer ends soon! #6",fake
"Perfect, exceeded my expectations. #35",genuine
"Buy this now, best product ever, click fast! #64",fake
"Superb quality, will recommend to others. #92",genuine
"Best item in the world, only available here! #140",fake
"Really happy with this purchase, good quality. #53",genuine
"Amazing offer, hurry up before it ends! #146",fake
"Buy 1 get 2 free, incredible savings! #65",fake
"Get yours now, offer ends soon! #42",fake
Item arrived on time and exactly as described. #14,genuine
"Guaranteed best deal, don’t miss out! #116",fake
"Superb quality, will recommend to others. #89",genuine
"Guaranteed best deal, don’t miss out! #74",fake
"Excellent product, totally worth the price. #167",genuine
"Amazing offer, hurry up before it ends! #129",fake
"Buy 1 get 2 free, incredible savings! #194",fake
"Very satisfied, I use it every day. #135",genuine
"Fastest selling product, act now! #107",fake
"Super cheap offer, available only today! #184",fake
"Buy 1 get 2 free, incredible savings! #120",fake
"Unbelievable price, must buy immediately! #44",fake
"Excellent product, totally worth the price. #55",genuine
"Really happy with this purchase, good quality. #51",genuine
"Excellent product, totally worth the price. #175",genuine
"Excellent product, totally worth the price. #190",genuine
"Guaranteed best deal, don’t miss out! #198",fake
"Very satisfied, I use it every day. #188",genuine
"Superb quality, will recommend to others. #170",genuine
"Excellent product, totally worth the price. #59",genuine
"Really happy with this purchase, good quality. #49",genuine
"Amazing offer, hurry up before it ends! #145",fake
"Fastest selling product, act now! #36",fake
"Guaranteed best deal, don’t miss out! #53",fake
"Perfect, exceeded my expectations. #22",genuine
"Guaranteed best deal, don’t miss out! #114",fake
Item arrived on time and exactly as described. #161,genuine
"Guaranteed best deal, don’t miss out! #77",fake
This product is amazing and works perfectly! #192,genuine
"Guaranteed best deal, don’t miss out! #94",fake
"Unbelievable price, must buy immediately! #144",fake
"Buy 1 get 2 free, incredible savings! #58",fake
"Super cheap offer, available only today! #109",fake
"Very satisfied, I use it every day. #150",genuine
"Excellent product, totally worth the price. #131",genuine
This product is amazing and works perfectly! #152,genuine
"Fastest selling product, act now! #160",fake
"Superb quality, will recommend to others. #100",genuine
"Limited stock, order now to get discount! #173",fake
Very useful and easy to use product. #88,genuine
"Unbelievable price, must buy immediately! #131",fake
"Super cheap offer, available only today! #15",fake
"Perfect, exceeded my expectations. #122",genuine
"Fastest selling product, act now! #200",fake
"Superb quality, will recommend to others. #21",genuine
"Really happy with this purchase, good quality. #189",genuine
Item arrived on time and exactly as described. #72,genuine
Highly recommended for daily use. #107,genuine
"Best item in the world, only available here! #71",fake
"Buy 1 get 2 free, incredible savings! #149",fake
"Perfect, exceeded my expectations. #103",genuine
